{
  "state": {
    "isStdOutTTY": false,
    "isStdErrTTY": false,
    "testRunDurationMs": 716.341084
  },
  "metrics": {
    "iterations": {
      "type": "counter",
      "contains": "default",
      "values": {
        "rate": 279.1966068499291,
        "count": 200
      }
    },
    "group_duration": {
      "type": "trend",
      "contains": "time",
      "values": {
        "med": 500.87933999999996,
        "max": 712.701352,
        "p(90)": 669.7545246999999,
        "p(95)": 684.06979975,
        "avg": 534.335235615,
        "min": 389.962918
      }
    },
    "data_received": {
      "type": "counter",
      "contains": "data",
      "values": {
        "count": 143276,
        "rate": 200010.86521515218
      }
    },
    "http_reqs": {
      "type": "counter",
      "contains": "default",
      "values": {
        "count": 600,
        "rate": 837.5898205497872
      }
    },
    "http_req_duration": {
      "values": {
        "med": 35.397850000000005,
        "max": 387.415789,
        "p(90)": 216.63914240000003,
        "p(95)": 325.98434964999973,
        "avg": 74.68280580333327,
        "min": 1.696036
      },
      "thresholds": {
        "p(95)<1000": {
          "ok": true
        }
      },
      "type": "trend",
      "contains": "time"
    },
    "idempotency_failures": {
      "type": "counter",
      "contains": "default",
      "values": {
        "count": 0,
        "rate": 0
      },
      "thresholds": {
        "count==0": {
          "ok": true
        }
      }
    },
    "http_req_duration{expected_response:true}": {
      "type": "trend",
      "contains": "time",
      "values": {
        "med": 149.7856515,
        "max": 387.415789,
        "p(90)": 351.0221852,
        "p(95)": 361.45063075,
        "avg": 176.80772159500003,
        "min": 27.876349
      }
    },
    "iteration_duration": {
      "values": {
        "p(90)": 669.8884816,
        "p(95)": 684.2292771,
        "avg": 534.5657681700004,
        "min": 390.141782,
        "med": 501.4445,
        "max": 712.885175
      },
      "type": "trend",
      "contains": "time"
    },
    "http_req_tls_handshaking": {
      "type": "trend",
      "contains": "time",
      "values": {
        "p(90)": 0,
        "p(95)": 0,
        "avg": 0,
        "min": 0,
        "med": 0,
        "max": 0
      }
    },
    "http_req_failed": {
      "type": "rate",
      "contains": "default",
      "values": {
        "rate": 0.6666666666666666,
        "passes": 400,
        "fails": 200
      }
    },
    "data_sent": {
      "type": "counter",
      "contains": "data",
      "values": {
        "count": 139152,
        "rate": 194253.83118190666
      }
    },
    "double_checkout_prevented": {
      "type": "counter",
      "contains": "default",
      "values": {
        "count": 400,
        "rate": 558.3932136998582
      },
      "thresholds": {
        "count>0": {
          "ok": true
        }
      }
    },
    "http_req_waiting": {
      "values": {
        "min": 1.545528,
        "med": 35.110836,
        "max": 386.247407,
        "p(90)": 211.19606200000004,
        "p(95)": 325.78641124999973,
        "avg": 73.73136830166669
      },
      "type": "trend",
      "contains": "time"
    },
    "checks": {
      "contains": "default",
      "values": {
        "rate": 1,
        "passes": 600,
        "fails": 0
      },
      "type": "rate"
    },
    "http_req_blocked": {
      "type": "trend",
      "contains": "time",
      "values": {
        "p(95)": 4.392975599999999,
        "avg": 0.9398407500000003,
        "min": 0.009638,
        "med": 0.018159,
        "max": 22.420872,
        "p(90)": 1.826655100000002
      }
    },
    "http_req_connecting": {
      "type": "trend",
      "contains": "time",
      "values": {
        "avg": 0.5049099850000002,
        "min": 0,
        "med": 0,
        "max": 18.437938,
        "p(90)": 0.9416480000000005,
        "p(95)": 1.9984899999999965
      }
    },
    "http_req_sending": {
      "type": "trend",
      "contains": "time",
      "values": {
        "p(90)": 1.4959123000000003,
        "p(95)": 3.523518899999983,
        "avg": 0.7092695583333336,
        "min": 0.020743,
        "med": 0.0510195,
        "max": 21.491907
      }
    },
    "http_req_receiving": {
      "type": "trend",
      "contains": "time",
      "values": {
        "max": 41.804328,
        "p(90)": 0.1595109,
        "p(95)": 0.3805362499999999,
        "avg": 0.24216794333333339,
        "min": 0.049937,
        "med": 0.082448
      }
    }
  },
  "root_group": {
    "name": "",
    "path": "",
    "id": "d41d8cd98f00b204e9800998ecf8427e",
    "groups": [
      {
        "checks": [
          {
            "name": "Request pertama berhasil (202 atau 409 valid)",
            "path": "::Checkout 3x dengan user yang sama::Request pertama berhasil (202 atau 409 valid)",
            "id": "7fbc0c58d3c451265810da6c07907932",
            "passes": 200,
            "fails": 0
          },
          {
            "name": "Request duplikat ditolak (409) atau terlimit/drop aman",
            "path": "::Checkout 3x dengan user yang sama::Request duplikat ditolak (409) atau terlimit/drop aman",
            "id": "b4584d594b46a33ee5e1268d83dda441",
            "passes": 400,
            "fails": 0
          }
        ],
        "name": "Checkout 3x dengan user yang sama",
        "path": "::Checkout 3x dengan user yang sama",
        "id": "52d8cbf94f8b343631a3c63485f17780",
        "groups": []
      }
    ],
    "checks": []
  },
  "options": {
    "summaryTrendStats": [
      "avg",
      "min",
      "med",
      "max",
      "p(90)",
      "p(95)"
    ],
    "summaryTimeUnit": "",
    "noColor": false
  }
}